{
  "lang":"pt",
  "name":"pipeline",
  "version":"0.0.0",
  "spacy_version":">=3.7.2,<3.8.0",
  "description":"",
  "author":"",
  "email":"",
  "url":"",
  "license":"",
  "spacy_git_version":"a89eae928",
  "vectors":{
    "width":0,
    "vectors":0,
    "keys":0,
    "name":null,
    "mode":"default"
  },
  "labels":{
    "tok2vec":[

    ],
    "ner":[
      "AMBIENTE",
      "BEBIDA",
      "COMIDA",
      "GERAL",
      "LOCALIZA\u00c7\u00c3O",
      "PRE\u00c7O",
      "SERVI\u00c7O"
    ]
  },
  "pipeline":[
    "tok2vec",
    "ner"
  ],
  "components":[
    "tok2vec",
    "ner"
  ],
  "disabled":[

  ],
  "performance":{
    "ents_f":0.8841150966,
    "ents_p":0.8841150966,
    "ents_r":0.8841150966,
    "ents_per_type":{
      "SERVI\u00c7O":{
        "p":0.8601226994,
        "r":0.8405275779,
        "f":0.8502122498
      },
      "COMIDA":{
        "p":0.8908406524,
        "r":0.9220779221,
        "f":0.9061901723
      },
      "AMBIENTE":{
        "p":0.8904494382,
        "r":0.9323529412,
        "f":0.9109195402
      },
      "GERAL":{
        "p":0.9139072848,
        "r":0.9078947368,
        "f":0.9108910891
      },
      "LOCALIZA\u00c7\u00c3O":{
        "p":0.8240740741,
        "r":0.8018018018,
        "f":0.8127853881
      },
      "BEBIDA":{
        "p":0.9204545455,
        "r":0.8901098901,
        "f":0.905027933
      },
      "PRE\u00c7O":{
        "p":0.9718309859,
        "r":0.7931034483,
        "f":0.8734177215
      }
    },
    "tok2vec_loss":401.7654215511,
    "ner_loss":2056.8200547936
  }
}