{
  "lang":"pt",
  "name":"pipeline",
  "version":"0.0.0",
  "spacy_version":">=3.7.2,<3.8.0",
  "description":"",
  "author":"",
  "email":"",
  "url":"",
  "license":"",
  "spacy_git_version":"a89eae928",
  "vectors":{
    "width":0,
    "vectors":0,
    "keys":0,
    "name":null,
    "mode":"default"
  },
  "labels":{
    "tok2vec":[

    ],
    "ner":[
      "AMBIENTE",
      "BEBIDA",
      "COMIDA",
      "GERAL",
      "LOCALIZA\u00c7\u00c3O",
      "PRE\u00c7O",
      "SERVI\u00c7O"
    ]
  },
  "pipeline":[
    "tok2vec",
    "ner"
  ],
  "components":[
    "tok2vec",
    "ner"
  ],
  "disabled":[

  ],
  "performance":{
    "ents_f":0.880733945,
    "ents_p":0.8868360277,
    "ents_r":0.874715262,
    "ents_per_type":{
      "SERVI\u00c7O":{
        "p":0.827176781,
        "r":0.8293650794,
        "f":0.8282694848
      },
      "COMIDA":{
        "p":0.9082352941,
        "r":0.9029239766,
        "f":0.9055718475
      },
      "GERAL":{
        "p":0.9320987654,
        "r":0.9320987654,
        "f":0.9320987654
      },
      "AMBIENTE":{
        "p":0.9254143646,
        "r":0.9178082192,
        "f":0.9215955983
      },
      "LOCALIZA\u00c7\u00c3O":{
        "p":0.8823529412,
        "r":0.8015267176,
        "f":0.84
      },
      "BEBIDA":{
        "p":0.8709677419,
        "r":0.801980198,
        "f":0.8350515464
      },
      "PRE\u00c7O":{
        "p":0.8913043478,
        "r":0.8039215686,
        "f":0.8453608247
      }
    },
    "tok2vec_loss":1141.2936591675,
    "ner_loss":662.3823550913
  }
}