{
  "lang":"pt",
  "name":"pipeline",
  "version":"0.0.0",
  "spacy_version":">=3.7.2,<3.8.0",
  "description":"",
  "author":"",
  "email":"",
  "url":"",
  "license":"",
  "spacy_git_version":"a89eae928",
  "vectors":{
    "width":0,
    "vectors":0,
    "keys":0,
    "name":null,
    "mode":"default"
  },
  "labels":{
    "tok2vec":[

    ],
    "ner":[
      "AMBIENTE",
      "BEBIDA",
      "COMIDA",
      "GERAL",
      "LOCALIZA\u00c7\u00c3O",
      "PRE\u00c7O",
      "SERVI\u00c7O"
    ]
  },
  "pipeline":[
    "tok2vec",
    "ner"
  ],
  "components":[
    "tok2vec",
    "ner"
  ],
  "disabled":[

  ],
  "performance":{
    "ents_f":0.8534913873,
    "ents_p":0.8568240982,
    "ents_r":0.8501845018,
    "ents_per_type":{
      "LOCALIZA\u00c7\u00c3O":{
        "p":0.8173913043,
        "r":0.8103448276,
        "f":0.8138528139
      },
      "AMBIENTE":{
        "p":0.9237804878,
        "r":0.8632478632,
        "f":0.8924889543
      },
      "COMIDA":{
        "p":0.859030837,
        "r":0.8744394619,
        "f":0.8666666667
      },
      "SERVI\u00c7O":{
        "p":0.8517110266,
        "r":0.7943262411,
        "f":0.8220183486
      },
      "BEBIDA":{
        "p":0.9509803922,
        "r":0.8981481481,
        "f":0.9238095238
      },
      "PRE\u00c7O":{
        "p":0.9017857143,
        "r":0.8487394958,
        "f":0.8744588745
      },
      "GERAL":{
        "p":0.7671641791,
        "r":0.9244604317,
        "f":0.8384991843
      }
    },
    "tok2vec_loss":847.2924016979,
    "ner_loss":624.3096891105
  }
}