{
  "lang":"pt",
  "name":"pipeline",
  "version":"0.0.0",
  "spacy_version":">=3.7.2,<3.8.0",
  "description":"",
  "author":"",
  "email":"",
  "url":"",
  "license":"",
  "spacy_git_version":"a89eae928",
  "vectors":{
    "width":0,
    "vectors":0,
    "keys":0,
    "name":null,
    "mode":"default"
  },
  "labels":{
    "tok2vec":[

    ],
    "ner":[
      "AMBIENTE",
      "BEBIDA",
      "COMIDA",
      "GERAL",
      "LOCALIZA\u00c7\u00c3O",
      "PRE\u00c7O",
      "SERVI\u00c7O"
    ]
  },
  "pipeline":[
    "tok2vec",
    "ner"
  ],
  "components":[
    "tok2vec",
    "ner"
  ],
  "disabled":[

  ],
  "performance":{
    "ents_f":0.8978316077,
    "ents_p":0.8906976744,
    "ents_r":0.9050807404,
    "ents_per_type":{
      "SERVI\u00c7O":{
        "p":0.8526682135,
        "r":0.881294964,
        "f":0.866745283
      },
      "COMIDA":{
        "p":0.9132075472,
        "r":0.9416342412,
        "f":0.9272030651
      },
      "AMBIENTE":{
        "p":0.9452887538,
        "r":0.9147058824,
        "f":0.9297458894
      },
      "GERAL":{
        "p":0.8965517241,
        "r":0.937704918,
        "f":0.9166666667
      },
      "LOCALIZA\u00c7\u00c3O":{
        "p":0.8415841584,
        "r":0.7657657658,
        "f":0.8018867925
      },
      "BEBIDA":{
        "p":0.9195402299,
        "r":0.8791208791,
        "f":0.8988764045
      },
      "PRE\u00c7O":{
        "p":0.8620689655,
        "r":0.8620689655,
        "f":0.8620689655
      }
    },
    "tok2vec_loss":394.0564353426,
    "ner_loss":1981.4256556569
  }
}