{
  "lang":"pt",
  "name":"pipeline",
  "version":"0.0.0",
  "spacy_version":">=3.7.2,<3.8.0",
  "description":"",
  "author":"",
  "email":"",
  "url":"",
  "license":"",
  "spacy_git_version":"a89eae928",
  "vectors":{
    "width":0,
    "vectors":0,
    "keys":0,
    "name":null,
    "mode":"default"
  },
  "labels":{
    "tok2vec":[

    ],
    "ner":[
      "AMBIENTE",
      "BEBIDA",
      "COMIDA",
      "GERAL",
      "LOCALIZA\u00c7\u00c3O",
      "PRE\u00c7O",
      "SERVI\u00c7O"
    ]
  },
  "pipeline":[
    "tok2vec",
    "ner"
  ],
  "components":[
    "tok2vec",
    "ner"
  ],
  "disabled":[

  ],
  "performance":{
    "ents_f":0.8975762314,
    "ents_p":0.91219706,
    "ents_r":0.8834166987,
    "ents_per_type":{
      "SERVI\u00c7O":{
        "p":0.8778735632,
        "r":0.831292517,
        "f":0.8539482879
      },
      "COMIDA":{
        "p":0.9251781473,
        "r":0.9143192488,
        "f":0.919716647
      },
      "BEBIDA":{
        "p":0.9036144578,
        "r":0.8522727273,
        "f":0.8771929825
      },
      "GERAL":{
        "p":0.9421052632,
        "r":0.9396325459,
        "f":0.9408672799
      },
      "PRE\u00c7O":{
        "p":0.880952381,
        "r":0.9135802469,
        "f":0.896969697
      },
      "AMBIENTE":{
        "p":0.925,
        "r":0.8996960486,
        "f":0.9121725732
      },
      "LOCALIZA\u00c7\u00c3O":{
        "p":0.9196428571,
        "r":0.7744360902,
        "f":0.8408163265
      }
    },
    "tok2vec_loss":471.0749793506,
    "ner_loss":1859.9399996005
  }
}