{
  "lang":"pt",
  "name":"pipeline",
  "version":"0.0.0",
  "spacy_version":">=3.7.2,<3.8.0",
  "description":"",
  "author":"",
  "email":"",
  "url":"",
  "license":"",
  "spacy_git_version":"a89eae928",
  "vectors":{
    "width":0,
    "vectors":0,
    "keys":0,
    "name":null,
    "mode":"default"
  },
  "labels":{
    "tok2vec":[

    ],
    "ner":[
      "AMBIENTE",
      "BEBIDA",
      "COMIDA",
      "GERAL",
      "LOCALIZA\u00c7\u00c3O",
      "PRE\u00c7O",
      "SERVI\u00c7O"
    ]
  },
  "pipeline":[
    "tok2vec",
    "ner"
  ],
  "components":[
    "tok2vec",
    "ner"
  ],
  "disabled":[

  ],
  "performance":{
    "ents_f":0.8875192604,
    "ents_p":0.8882035466,
    "ents_r":0.8868360277,
    "ents_per_type":{
      "SERVI\u00c7O":{
        "p":0.8454301075,
        "r":0.8557823129,
        "f":0.8505747126
      },
      "COMIDA":{
        "p":0.9082240763,
        "r":0.8954171563,
        "f":0.9017751479
      },
      "BEBIDA":{
        "p":0.9240506329,
        "r":0.8295454545,
        "f":0.874251497
      },
      "GERAL":{
        "p":0.9319371728,
        "r":0.9343832021,
        "f":0.9331585845
      },
      "PRE\u00c7O":{
        "p":0.9058823529,
        "r":0.950617284,
        "f":0.9277108434
      },
      "LOCALIZA\u00c7\u00c3O":{
        "p":0.7985074627,
        "r":0.8045112782,
        "f":0.8014981273
      },
      "AMBIENTE":{
        "p":0.9063444109,
        "r":0.9118541033,
        "f":0.9090909091
      }
    },
    "tok2vec_loss":802.4741105345,
    "ner_loss":1783.7550319421
  }
}