{
  "lang":"pt",
  "name":"pipeline",
  "version":"0.0.0",
  "spacy_version":">=3.7.2,<3.8.0",
  "description":"",
  "author":"",
  "email":"",
  "url":"",
  "license":"",
  "spacy_git_version":"a89eae928",
  "vectors":{
    "width":0,
    "vectors":0,
    "keys":0,
    "name":null,
    "mode":"default"
  },
  "labels":{
    "tok2vec":[

    ],
    "ner":[
      "AMBIENTE",
      "BEBIDA",
      "COMIDA",
      "GERAL",
      "LOCALIZA\u00c7\u00c3O",
      "PRE\u00c7O",
      "SERVI\u00c7O"
    ]
  },
  "pipeline":[
    "tok2vec",
    "ner"
  ],
  "components":[
    "tok2vec",
    "ner"
  ],
  "disabled":[

  ],
  "performance":{
    "ents_f":0.8700825178,
    "ents_p":0.8632901752,
    "ents_r":0.8769825919,
    "ents_per_type":{
      "COMIDA":{
        "p":0.8980815348,
        "r":0.9078787879,
        "f":0.9029535865
      },
      "BEBIDA":{
        "p":0.8095238095,
        "r":0.8673469388,
        "f":0.8374384236
      },
      "AMBIENTE":{
        "p":0.8879056047,
        "r":0.9176829268,
        "f":0.9025487256
      },
      "SERVI\u00c7O":{
        "p":0.8355263158,
        "r":0.8130601793,
        "f":0.8241401687
      },
      "PRE\u00c7O":{
        "p":0.7372881356,
        "r":0.9157894737,
        "f":0.8169014085
      },
      "GERAL":{
        "p":0.9146341463,
        "r":0.9463722397,
        "f":0.9302325581
      },
      "LOCALIZA\u00c7\u00c3O":{
        "p":0.7746478873,
        "r":0.780141844,
        "f":0.777385159
      }
    },
    "tok2vec_loss":998.9576426731,
    "ner_loss":962.2625255726
  }
}