{
  "lang":"pt",
  "name":"pipeline",
  "version":"0.0.0",
  "spacy_version":">=3.7.2,<3.8.0",
  "description":"",
  "author":"",
  "email":"",
  "url":"",
  "license":"",
  "spacy_git_version":"a89eae928",
  "vectors":{
    "width":0,
    "vectors":0,
    "keys":0,
    "name":null,
    "mode":"default"
  },
  "labels":{
    "tok2vec":[

    ],
    "ner":[
      "AMBIENTE",
      "BEBIDA",
      "COMIDA",
      "GERAL",
      "LOCALIZA\u00c7\u00c3O",
      "PRE\u00c7O",
      "SERVI\u00c7O"
    ]
  },
  "pipeline":[
    "tok2vec",
    "ner"
  ],
  "components":[
    "tok2vec",
    "ner"
  ],
  "disabled":[

  ],
  "performance":{
    "ents_f":0.8730219992,
    "ents_p":0.8753869969,
    "ents_r":0.870669746,
    "ents_per_type":{
      "SERVI\u00c7O":{
        "p":0.8260292165,
        "r":0.8462585034,
        "f":0.8360215054
      },
      "COMIDA":{
        "p":0.8914819137,
        "r":0.8977673325,
        "f":0.8946135831
      },
      "BEBIDA":{
        "p":0.9125,
        "r":0.8295454545,
        "f":0.869047619
      },
      "GERAL":{
        "p":0.9134078212,
        "r":0.8582677165,
        "f":0.8849797023
      },
      "PRE\u00c7O":{
        "p":0.8764044944,
        "r":0.962962963,
        "f":0.9176470588
      },
      "LOCALIZA\u00c7\u00c3O":{
        "p":0.7874015748,
        "r":0.7518796992,
        "f":0.7692307692
      },
      "AMBIENTE":{
        "p":0.93125,
        "r":0.905775076,
        "f":0.9183359014
      }
    },
    "tok2vec_loss":973.7581574559,
    "ner_loss":742.0979489359
  }
}