{
  "lang":"pt",
  "name":"pipeline",
  "version":"0.0.0",
  "spacy_version":">=3.7.2,<3.8.0",
  "description":"",
  "author":"",
  "email":"",
  "url":"",
  "license":"",
  "spacy_git_version":"a89eae928",
  "vectors":{
    "width":0,
    "vectors":0,
    "keys":0,
    "name":null,
    "mode":"default"
  },
  "labels":{
    "tok2vec":[

    ],
    "ner":[
      "AMBIENTE",
      "BEBIDA",
      "COMIDA",
      "GERAL",
      "LOCALIZA\u00c7\u00c3O",
      "PRE\u00c7O",
      "SERVI\u00c7O"
    ]
  },
  "pipeline":[
    "tok2vec",
    "ner"
  ],
  "components":[
    "tok2vec",
    "ner"
  ],
  "disabled":[

  ],
  "performance":{
    "ents_f":0.8820512821,
    "ents_p":0.8834452785,
    "ents_r":0.8806616778,
    "ents_per_type":{
      "SERVI\u00c7O":{
        "p":0.8581997534,
        "r":0.8345323741,
        "f":0.8462006079
      },
      "COMIDA":{
        "p":0.9048843188,
        "r":0.9130998703,
        "f":0.9089735313
      },
      "AMBIENTE":{
        "p":0.8933717579,
        "r":0.9117647059,
        "f":0.9024745269
      },
      "GERAL":{
        "p":0.9147540984,
        "r":0.9147540984,
        "f":0.9147540984
      },
      "LOCALIZA\u00c7\u00c3O":{
        "p":0.8035714286,
        "r":0.8108108108,
        "f":0.8071748879
      },
      "BEBIDA":{
        "p":0.8924731183,
        "r":0.9120879121,
        "f":0.902173913
      },
      "PRE\u00c7O":{
        "p":0.8705882353,
        "r":0.8505747126,
        "f":0.8604651163
      }
    },
    "tok2vec_loss":904.0083750679,
    "ner_loss":1047.0835394334
  }
}