{
  "lang":"pt",
  "name":"pipeline",
  "version":"0.0.0",
  "spacy_version":">=3.7.2,<3.8.0",
  "description":"",
  "author":"",
  "email":"",
  "url":"",
  "license":"",
  "spacy_git_version":"a89eae928",
  "vectors":{
    "width":0,
    "vectors":0,
    "keys":0,
    "name":null,
    "mode":"default"
  },
  "labels":{
    "tok2vec":[

    ],
    "ner":[
      "AMBIENTE",
      "BEBIDA",
      "COMIDA",
      "GERAL",
      "LOCALIZA\u00c7\u00c3O",
      "PRE\u00c7O",
      "SERVI\u00c7O"
    ]
  },
  "pipeline":[
    "tok2vec",
    "ner"
  ],
  "components":[
    "tok2vec",
    "ner"
  ],
  "disabled":[

  ],
  "performance":{
    "ents_f":0.8406716418,
    "ents_p":0.8498679743,
    "ents_r":0.8316722038,
    "ents_per_type":{
      "LOCALIZA\u00c7\u00c3O":{
        "p":0.762295082,
        "r":0.8017241379,
        "f":0.781512605
      },
      "AMBIENTE":{
        "p":0.9093655589,
        "r":0.8575498575,
        "f":0.8826979472
      },
      "GERAL":{
        "p":0.8108974359,
        "r":0.9100719424,
        "f":0.8576271186
      },
      "SERVI\u00c7O":{
        "p":0.8328981723,
        "r":0.7541371158,
        "f":0.7915632754
      },
      "COMIDA":{
        "p":0.8566629339,
        "r":0.8576233184,
        "f":0.8571428571
      },
      "PRE\u00c7O":{
        "p":0.8655462185,
        "r":0.8728813559,
        "f":0.8691983122
      },
      "BEBIDA":{
        "p":0.9259259259,
        "r":0.9259259259,
        "f":0.9259259259
      }
    },
    "tok2vec_loss":859.7452684932,
    "ner_loss":653.659168054
  }
}