{
  "lang":"pt",
  "name":"pipeline",
  "version":"0.0.0",
  "spacy_version":">=3.7.2,<3.8.0",
  "description":"",
  "author":"",
  "email":"",
  "url":"",
  "license":"",
  "spacy_git_version":"a89eae928",
  "vectors":{
    "width":0,
    "vectors":0,
    "keys":0,
    "name":null,
    "mode":"default"
  },
  "labels":{
    "tok2vec":[

    ],
    "ner":[
      "AMBIENTE",
      "BEBIDA",
      "COMIDA",
      "GERAL",
      "LOCALIZA\u00c7\u00c3O",
      "PRE\u00c7O",
      "SERVI\u00c7O"
    ]
  },
  "pipeline":[
    "tok2vec",
    "ner"
  ],
  "components":[
    "tok2vec",
    "ner"
  ],
  "disabled":[

  ],
  "performance":{
    "ents_f":0.881533101,
    "ents_p":0.8822161953,
    "ents_r":0.8808510638,
    "ents_per_type":{
      "COMIDA":{
        "p":0.914919852,
        "r":0.8993939394,
        "f":0.9070904645
      },
      "BEBIDA":{
        "p":0.8854166667,
        "r":0.8673469388,
        "f":0.8762886598
      },
      "AMBIENTE":{
        "p":0.9044776119,
        "r":0.9237804878,
        "f":0.9140271493
      },
      "SERVI\u00c7O":{
        "p":0.8504551365,
        "r":0.8373879641,
        "f":0.8438709677
      },
      "PRE\u00c7O":{
        "p":0.85,
        "r":0.8947368421,
        "f":0.8717948718
      },
      "GERAL":{
        "p":0.9009287926,
        "r":0.9179810726,
        "f":0.909375
      },
      "LOCALIZA\u00c7\u00c3O":{
        "p":0.7959183673,
        "r":0.829787234,
        "f":0.8125
      }
    },
    "tok2vec_loss":807.1508845846,
    "ner_loss":799.5023493616
  }
}