{
  "lang":"pt",
  "name":"pipeline",
  "version":"0.0.0",
  "spacy_version":">=3.7.2,<3.8.0",
  "description":"",
  "author":"",
  "email":"",
  "url":"",
  "license":"",
  "spacy_git_version":"a89eae928",
  "vectors":{
    "width":0,
    "vectors":0,
    "keys":0,
    "name":null,
    "mode":"default"
  },
  "labels":{
    "tok2vec":[

    ],
    "ner":[
      "AMBIENTE",
      "BEBIDA",
      "COMIDA",
      "GERAL",
      "LOCALIZA\u00c7\u00c3O",
      "PRE\u00c7O",
      "SERVI\u00c7O"
    ]
  },
  "pipeline":[
    "tok2vec",
    "ner"
  ],
  "components":[
    "tok2vec",
    "ner"
  ],
  "disabled":[

  ],
  "performance":{
    "ents_f":0.9006849315,
    "ents_p":0.9027459954,
    "ents_r":0.8986332574,
    "ents_per_type":{
      "SERVI\u00c7O":{
        "p":0.8521400778,
        "r":0.869047619,
        "f":0.8605108055
      },
      "COMIDA":{
        "p":0.9202813599,
        "r":0.918128655,
        "f":0.9192037471
      },
      "GERAL":{
        "p":0.9418960245,
        "r":0.950617284,
        "f":0.9462365591
      },
      "AMBIENTE":{
        "p":0.9388888889,
        "r":0.9260273973,
        "f":0.9324137931
      },
      "LOCALIZA\u00c7\u00c3O":{
        "p":0.8983050847,
        "r":0.8091603053,
        "f":0.8514056225
      },
      "BEBIDA":{
        "p":0.902173913,
        "r":0.8217821782,
        "f":0.8601036269
      },
      "PRE\u00c7O":{
        "p":0.8910891089,
        "r":0.8823529412,
        "f":0.8866995074
      }
    },
    "tok2vec_loss":829.1909166015,
    "ner_loss":1604.5488153094
  }
}