{
  "lang":"pt",
  "name":"pipeline",
  "version":"0.0.0",
  "spacy_version":">=3.7.2,<3.8.0",
  "description":"",
  "author":"",
  "email":"",
  "url":"",
  "license":"",
  "spacy_git_version":"a89eae928",
  "vectors":{
    "width":0,
    "vectors":0,
    "keys":0,
    "name":null,
    "mode":"default"
  },
  "labels":{
    "tok2vec":[

    ],
    "ner":[
      "AMBIENTE",
      "BEBIDA",
      "COMIDA",
      "GERAL",
      "LOCALIZA\u00c7\u00c3O",
      "PRE\u00c7O",
      "SERVI\u00c7O"
    ]
  },
  "pipeline":[
    "tok2vec",
    "ner"
  ],
  "components":[
    "tok2vec",
    "ner"
  ],
  "disabled":[

  ],
  "performance":{
    "ents_f":0.8903838544,
    "ents_p":0.8946322068,
    "ents_r":0.8861756597,
    "ents_per_type":{
      "SERVI\u00c7O":{
        "p":0.8660170524,
        "r":0.8525179856,
        "f":0.8592145015
      },
      "COMIDA":{
        "p":0.9108280255,
        "r":0.9273670558,
        "f":0.9190231362
      },
      "AMBIENTE":{
        "p":0.9020172911,
        "r":0.9205882353,
        "f":0.9112081514
      },
      "PRE\u00c7O":{
        "p":0.9220779221,
        "r":0.816091954,
        "f":0.8658536585
      },
      "GERAL":{
        "p":0.9155405405,
        "r":0.8885245902,
        "f":0.9018302829
      },
      "LOCALIZA\u00c7\u00c3O":{
        "p":0.8865979381,
        "r":0.7747747748,
        "f":0.8269230769
      },
      "BEBIDA":{
        "p":0.902173913,
        "r":0.9120879121,
        "f":0.9071038251
      }
    },
    "tok2vec_loss":474.1263437372,
    "ner_loss":1847.0364452492
  }
}