{
  "lang":"pt",
  "name":"pipeline",
  "version":"0.0.0",
  "spacy_version":">=3.7.2,<3.8.0",
  "description":"",
  "author":"",
  "email":"",
  "url":"",
  "license":"",
  "spacy_git_version":"a89eae928",
  "vectors":{
    "width":0,
    "vectors":0,
    "keys":0,
    "name":null,
    "mode":"default"
  },
  "labels":{
    "tok2vec":[

    ],
    "ner":[
      "AMBIENTE",
      "BEBIDA",
      "COMIDA",
      "GERAL",
      "LOCALIZA\u00c7\u00c3O",
      "PRE\u00c7O",
      "SERVI\u00c7O"
    ]
  },
  "pipeline":[
    "tok2vec",
    "ner"
  ],
  "components":[
    "tok2vec",
    "ner"
  ],
  "disabled":[

  ],
  "performance":{
    "ents_f":0.888152767,
    "ents_p":0.8789047435,
    "ents_r":0.8975974793,
    "ents_per_type":{
      "SERVI\u00c7O":{
        "p":0.8378063011,
        "r":0.860911271,
        "f":0.8492016558
      },
      "COMIDA":{
        "p":0.9098873592,
        "r":0.9429312581,
        "f":0.9261146497
      },
      "AMBIENTE":{
        "p":0.9,
        "r":0.9264705882,
        "f":0.9130434783
      },
      "GERAL":{
        "p":0.8925081433,
        "r":0.8983606557,
        "f":0.8954248366
      },
      "LOCALIZA\u00c7\u00c3O":{
        "p":0.8365384615,
        "r":0.7837837838,
        "f":0.8093023256
      },
      "BEBIDA":{
        "p":0.9120879121,
        "r":0.9120879121,
        "f":0.9120879121
      },
      "PRE\u00c7O":{
        "p":0.8823529412,
        "r":0.8620689655,
        "f":0.8720930233
      }
    },
    "tok2vec_loss":841.8727642292,
    "ner_loss":782.8022816688
  }
}