{
  "lang":"pt",
  "name":"pipeline",
  "version":"0.0.0",
  "spacy_version":">=3.7.2,<3.8.0",
  "description":"",
  "author":"",
  "email":"",
  "url":"",
  "license":"",
  "spacy_git_version":"a89eae928",
  "vectors":{
    "width":0,
    "vectors":0,
    "keys":0,
    "name":null,
    "mode":"default"
  },
  "labels":{
    "tok2vec":[

    ],
    "ner":[
      "AMBIENTE",
      "BEBIDA",
      "COMIDA",
      "GERAL",
      "LOCALIZA\u00c7\u00c3O",
      "PRE\u00c7O",
      "SERVI\u00c7O"
    ]
  },
  "pipeline":[
    "tok2vec",
    "ner"
  ],
  "components":[
    "tok2vec",
    "ner"
  ],
  "disabled":[

  ],
  "performance":{
    "ents_f":0.8548208349,
    "ents_p":0.8557692308,
    "ents_r":0.8538745387,
    "ents_per_type":{
      "LOCALIZA\u00c7\u00c3O":{
        "p":0.811965812,
        "r":0.8189655172,
        "f":0.8154506438
      },
      "AMBIENTE":{
        "p":0.8927536232,
        "r":0.8774928775,
        "f":0.8850574713
      },
      "COMIDA":{
        "p":0.8804469274,
        "r":0.8834080717,
        "f":0.881925014
      },
      "SERVI\u00c7O":{
        "p":0.8426395939,
        "r":0.7848699764,
        "f":0.8127294982
      },
      "BEBIDA":{
        "p":0.9038461538,
        "r":0.8703703704,
        "f":0.8867924528
      },
      "PRE\u00c7O":{
        "p":0.8125,
        "r":0.8739495798,
        "f":0.8421052632
      },
      "GERAL":{
        "p":0.7981651376,
        "r":0.9388489209,
        "f":0.8628099174
      }
    },
    "tok2vec_loss":577.2059121728,
    "ner_loss":1437.3445891744
  }
}