{
  "lang":"pt",
  "name":"pipeline",
  "version":"0.0.0",
  "spacy_version":">=3.7.2,<3.8.0",
  "description":"",
  "author":"",
  "email":"",
  "url":"",
  "license":"",
  "spacy_git_version":"a89eae928",
  "vectors":{
    "width":0,
    "vectors":0,
    "keys":0,
    "name":null,
    "mode":"default"
  },
  "labels":{
    "tok2vec":[

    ],
    "ner":[
      "AMBIENTE",
      "BEBIDA",
      "COMIDA",
      "GERAL",
      "LOCALIZA\u00c7\u00c3O",
      "PRE\u00c7O",
      "SERVI\u00c7O"
    ]
  },
  "pipeline":[
    "tok2vec",
    "ner"
  ],
  "components":[
    "tok2vec",
    "ner"
  ],
  "disabled":[

  ],
  "performance":{
    "ents_f":0.8778191802,
    "ents_p":0.8735362998,
    "ents_r":0.8821442649,
    "ents_per_type":{
      "SERVI\u00c7O":{
        "p":0.8299643282,
        "r":0.8369304556,
        "f":0.8334328358
      },
      "COMIDA":{
        "p":0.9054916986,
        "r":0.9207792208,
        "f":0.9130714746
      },
      "AMBIENTE":{
        "p":0.8927536232,
        "r":0.9058823529,
        "f":0.899270073
      },
      "GERAL":{
        "p":0.91,
        "r":0.8980263158,
        "f":0.9039735099
      },
      "LOCALIZA\u00c7\u00c3O":{
        "p":0.8214285714,
        "r":0.8288288288,
        "f":0.8251121076
      },
      "BEBIDA":{
        "p":0.8924731183,
        "r":0.9120879121,
        "f":0.902173913
      },
      "PRE\u00c7O":{
        "p":0.8522727273,
        "r":0.8620689655,
        "f":0.8571428571
      }
    },
    "tok2vec_loss":924.5717936722,
    "ner_loss":923.136378179
  }
}