{
  "lang":"pt",
  "name":"pipeline",
  "version":"0.0.0",
  "spacy_version":">=3.7.2,<3.8.0",
  "description":"",
  "author":"",
  "email":"",
  "url":"",
  "license":"",
  "spacy_git_version":"a89eae928",
  "vectors":{
    "width":0,
    "vectors":0,
    "keys":0,
    "name":null,
    "mode":"default"
  },
  "labels":{
    "tok2vec":[

    ],
    "ner":[
      "AMBIENTE",
      "BEBIDA",
      "COMIDA",
      "GERAL",
      "LOCALIZA\u00c7\u00c3O",
      "PRE\u00c7O",
      "SERVI\u00c7O"
    ]
  },
  "pipeline":[
    "tok2vec",
    "ner"
  ],
  "components":[
    "tok2vec",
    "ner"
  ],
  "disabled":[

  ],
  "performance":{
    "ents_f":0.8794876771,
    "ents_p":0.8823987539,
    "ents_r":0.8765957447,
    "ents_per_type":{
      "COMIDA":{
        "p":0.902200489,
        "r":0.8945454545,
        "f":0.8983566646
      },
      "BEBIDA":{
        "p":0.8636363636,
        "r":0.7755102041,
        "f":0.8172043011
      },
      "AMBIENTE":{
        "p":0.937694704,
        "r":0.9176829268,
        "f":0.9275808937
      },
      "SERVI\u00c7O":{
        "p":0.850843061,
        "r":0.8399487836,
        "f":0.8453608247
      },
      "PRE\u00c7O":{
        "p":0.8958333333,
        "r":0.9052631579,
        "f":0.9005235602
      },
      "GERAL":{
        "p":0.9125,
        "r":0.9211356467,
        "f":0.9167974882
      },
      "LOCALIZA\u00c7\u00c3O":{
        "p":0.7597402597,
        "r":0.829787234,
        "f":0.793220339
      }
    },
    "tok2vec_loss":500.0647395564,
    "ner_loss":2145.3415174455
  }
}