{
  "lang":"pt",
  "name":"pipeline",
  "version":"0.0.0",
  "spacy_version":">=3.7.2,<3.8.0",
  "description":"",
  "author":"",
  "email":"",
  "url":"",
  "license":"",
  "spacy_git_version":"a89eae928",
  "vectors":{
    "width":0,
    "vectors":0,
    "keys":0,
    "name":null,
    "mode":"default"
  },
  "labels":{
    "tok2vec":[

    ],
    "ner":[
      "AMBIENTE",
      "BEBIDA",
      "COMIDA",
      "GERAL",
      "LOCALIZA\u00c7\u00c3O",
      "PRE\u00c7O",
      "SERVI\u00c7O"
    ]
  },
  "pipeline":[
    "tok2vec",
    "ner"
  ],
  "components":[
    "tok2vec",
    "ner"
  ],
  "disabled":[

  ],
  "performance":{
    "ents_f":0.8522706209,
    "ents_p":0.855919583,
    "ents_r":0.8486526394,
    "ents_per_type":{
      "LOCALIZA\u00c7\u00c3O":{
        "p":0.8018018018,
        "r":0.7672413793,
        "f":0.7841409692
      },
      "AMBIENTE":{
        "p":0.9244712991,
        "r":0.8717948718,
        "f":0.8973607038
      },
      "COMIDA":{
        "p":0.8568329718,
        "r":0.8856502242,
        "f":0.8710033076
      },
      "SERVI\u00c7O":{
        "p":0.8406169666,
        "r":0.7730496454,
        "f":0.8054187192
      },
      "BEBIDA":{
        "p":0.9393939394,
        "r":0.8611111111,
        "f":0.8985507246
      },
      "PRE\u00c7O":{
        "p":0.848,
        "r":0.8983050847,
        "f":0.8724279835
      },
      "GERAL":{
        "p":0.815625,
        "r":0.9388489209,
        "f":0.872909699
      }
    },
    "tok2vec_loss":516.7609091373,
    "ner_loss":1694.920023156
  }
}