{
  "lang":"pt",
  "name":"pipeline",
  "version":"0.0.0",
  "spacy_version":">=3.7.2,<3.8.0",
  "description":"",
  "author":"",
  "email":"",
  "url":"",
  "license":"",
  "spacy_git_version":"a89eae928",
  "vectors":{
    "width":0,
    "vectors":0,
    "keys":0,
    "name":null,
    "mode":"default"
  },
  "labels":{
    "tok2vec":[

    ],
    "ner":[
      "AMBIENTE",
      "BEBIDA",
      "COMIDA",
      "GERAL",
      "LOCALIZA\u00c7\u00c3O",
      "PRE\u00c7O",
      "SERVI\u00c7O"
    ]
  },
  "pipeline":[
    "tok2vec",
    "ner"
  ],
  "components":[
    "tok2vec",
    "ner"
  ],
  "disabled":[

  ],
  "performance":{
    "ents_f":0.8869204674,
    "ents_p":0.8802843247,
    "ents_r":0.893657425,
    "ents_per_type":{
      "SERVI\u00c7O":{
        "p":0.8254172015,
        "r":0.8516556291,
        "f":0.8383311604
      },
      "COMIDA":{
        "p":0.9110854503,
        "r":0.9228070175,
        "f":0.916908774
      },
      "GERAL":{
        "p":0.9221556886,
        "r":0.950617284,
        "f":0.9361702128
      },
      "AMBIENTE":{
        "p":0.922005571,
        "r":0.9068493151,
        "f":0.9143646409
      },
      "LOCALIZA\u00c7\u00c3O":{
        "p":0.848,
        "r":0.8091603053,
        "f":0.828125
      },
      "BEBIDA":{
        "p":0.8,
        "r":0.8712871287,
        "f":0.8341232227
      },
      "PRE\u00c7O":{
        "p":0.88,
        "r":0.862745098,
        "f":0.8712871287
      }
    },
    "tok2vec_loss":1026.4187620107,
    "ner_loss":878.8356340936
  }
}