{
  "lang":"pt",
  "name":"pipeline",
  "version":"0.0.0",
  "spacy_version":">=3.7.2,<3.8.0",
  "description":"",
  "author":"",
  "email":"",
  "url":"",
  "license":"",
  "spacy_git_version":"a89eae928",
  "vectors":{
    "width":0,
    "vectors":0,
    "keys":0,
    "name":null,
    "mode":"default"
  },
  "labels":{
    "tok2vec":[

    ],
    "ner":[
      "AMBIENTE",
      "BEBIDA",
      "COMIDA",
      "GERAL",
      "LOCALIZA\u00c7\u00c3O",
      "PRE\u00c7O",
      "SERVI\u00c7O"
    ]
  },
  "pipeline":[
    "tok2vec",
    "ner"
  ],
  "components":[
    "tok2vec",
    "ner"
  ],
  "disabled":[

  ],
  "performance":{
    "ents_f":0.8842431281,
    "ents_p":0.8897545773,
    "ents_r":0.8787995383,
    "ents_per_type":{
      "SERVI\u00c7O":{
        "p":0.8413333333,
        "r":0.8585034014,
        "f":0.8498316498
      },
      "COMIDA":{
        "p":0.9244604317,
        "r":0.9049295775,
        "f":0.9145907473
      },
      "BEBIDA":{
        "p":0.875,
        "r":0.875,
        "f":0.875
      },
      "GERAL":{
        "p":0.9469026549,
        "r":0.842519685,
        "f":0.8916666667
      },
      "PRE\u00c7O":{
        "p":0.7959183673,
        "r":0.962962963,
        "f":0.8715083799
      },
      "AMBIENTE":{
        "p":0.9104938272,
        "r":0.896656535,
        "f":0.9035222052
      },
      "LOCALIZA\u00c7\u00c3O":{
        "p":0.828358209,
        "r":0.8345864662,
        "f":0.8314606742
      }
    },
    "tok2vec_loss":830.0840119219,
    "ner_loss":917.5697247069
  }
}