{
  "lang":"pt",
  "name":"pipeline",
  "version":"0.0.0",
  "spacy_version":">=3.7.2,<3.8.0",
  "description":"",
  "author":"",
  "email":"",
  "url":"",
  "license":"",
  "spacy_git_version":"a89eae928",
  "vectors":{
    "width":0,
    "vectors":0,
    "keys":0,
    "name":null,
    "mode":"default"
  },
  "labels":{
    "tok2vec":[

    ],
    "ner":[
      "AMBIENTE",
      "BEBIDA",
      "COMIDA",
      "GERAL",
      "LOCALIZA\u00c7\u00c3O",
      "PRE\u00c7O",
      "SERVI\u00c7O"
    ]
  },
  "pipeline":[
    "tok2vec",
    "ner"
  ],
  "components":[
    "tok2vec",
    "ner"
  ],
  "disabled":[

  ],
  "performance":{
    "ents_f":0.869663344,
    "ents_p":0.8614008942,
    "ents_r":0.8780858336,
    "ents_per_type":{
      "SERVI\u00c7O":{
        "p":0.7792682927,
        "r":0.8463576159,
        "f":0.8114285714
      },
      "COMIDA":{
        "p":0.8943089431,
        "r":0.9005847953,
        "f":0.8974358974
      },
      "GERAL":{
        "p":0.921686747,
        "r":0.9444444444,
        "f":0.9329268293
      },
      "AMBIENTE":{
        "p":0.9098591549,
        "r":0.8849315068,
        "f":0.8972222222
      },
      "LOCALIZA\u00c7\u00c3O":{
        "p":0.8717948718,
        "r":0.7786259542,
        "f":0.8225806452
      },
      "BEBIDA":{
        "p":0.8365384615,
        "r":0.8613861386,
        "f":0.8487804878
      },
      "PRE\u00c7O":{
        "p":0.8947368421,
        "r":0.8333333333,
        "f":0.8629441624
      }
    },
    "tok2vec_loss":1104.3711300447,
    "ner_loss":520.794501304
  }
}