{
  "lang":"pt",
  "name":"pipeline",
  "version":"0.0.0",
  "spacy_version":">=3.7.2,<3.8.0",
  "description":"",
  "author":"",
  "email":"",
  "url":"",
  "license":"",
  "spacy_git_version":"a89eae928",
  "vectors":{
    "width":0,
    "vectors":0,
    "keys":0,
    "name":null,
    "mode":"default"
  },
  "labels":{
    "tok2vec":[

    ],
    "ner":[
      "AMBIENTE",
      "BEBIDA",
      "COMIDA",
      "GERAL",
      "LOCALIZA\u00c7\u00c3O",
      "PRE\u00c7O",
      "SERVI\u00c7O"
    ]
  },
  "pipeline":[
    "tok2vec",
    "ner"
  ],
  "components":[
    "tok2vec",
    "ner"
  ],
  "disabled":[

  ],
  "performance":{
    "ents_f":0.8869902913,
    "ents_p":0.8904483431,
    "ents_r":0.8835589942,
    "ents_per_type":{
      "COMIDA":{
        "p":0.914919852,
        "r":0.8993939394,
        "f":0.9070904645
      },
      "BEBIDA":{
        "p":0.8367346939,
        "r":0.8367346939,
        "f":0.8367346939
      },
      "AMBIENTE":{
        "p":0.9209726444,
        "r":0.9237804878,
        "f":0.9223744292
      },
      "SERVI\u00c7O":{
        "p":0.8623853211,
        "r":0.8425096031,
        "f":0.8523316062
      },
      "PRE\u00c7O":{
        "p":0.85,
        "r":0.8947368421,
        "f":0.8717948718
      },
      "GERAL":{
        "p":0.9181818182,
        "r":0.9558359621,
        "f":0.9366306028
      },
      "LOCALIZA\u00c7\u00c3O":{
        "p":0.828358209,
        "r":0.7872340426,
        "f":0.8072727273
      }
    },
    "tok2vec_loss":488.1284461669,
    "ner_loss":1867.1692023372
  }
}